--1. Top 10 bottleneck zones,,,,,
zone,total_work_minutes,order_count,avg_work_minutes,,
combo_9,118278.1667,1565,75.5771033,,
combo_11,77499,1571,49.33099936,,
combo_6,68887.58333,1571,43.84951199,,
FMCG_FOOD2,68323.16667,1557,43.8812888,,
combo_8,59161.08333,1571,37.65823255,,
SPICES&DAL,49457.91667,1559,31.72412871,,
FMCG_FOOD1,49368.41667,1558,31.68704536,,
BISC_BAK,42547.08333,1557,27.32632199,,
combo_5,40729.91667,1556,26.17603899,,
STAPLES,37743.91667,1544,24.44554188,,
,,,,,
,,,,,
2. Zone efficiency — workload per unit,,,,,
zone,total_work_minutes,total_qty,minutes_per_unit,,
combo_4,15635.25,32721,0.477835335,,
HVAL_APP_2,610.1666667,1394,0.43770923,,
REB_G1_FD,11976.83333,27550,0.434730792,,
HVAL_APPG1,6639,16404,0.404718361,,
combo_7,7105.833333,18364,0.386943658,,
combo_10,2145.75,5727,0.374672603,,
REB_FD_G0,1643.916667,4637,0.354521602,,
combo_8,59161.08333,175123,0.33782589,,
combo_11,77499,239718,0.323292369,,
combo_6,68887.58333,214549,0.321080888,,
,,,,,
3. Zone complexity vs workload,,,,,
zone,zone_complexity_tier,total_work_minutes,avg_work_minutes,total_qty,
combo_9,4,118278.1667,75.5771033,497966,
combo_11,6,77499,49.33099936,239718,
combo_6,6,68887.58333,43.84951199,214549,
FMCG_FOOD2,4,68323.16667,43.8812888,262358,
combo_8,3,59161.08333,37.65823255,175123,
SPICES&DAL,6,49457.91667,31.72412871,180827,
FMCG_FOOD1,6,49368.41667,31.68704536,180683,
BISC_BAK,4,42547.08333,27.32632199,181627,
combo_5,3,40729.91667,26.17603899,184241,
STAPLES,4,37743.91667,24.44554188,180581,
CHOCOLATES,4,35413.25,22.92119741,187515,
FRAGILE_FD,3,31328,20.26390686,103392,
CICO_G2,7,29738.33333,21.03135314,293326,
CD_CICO,7,29139.83333,19.86355374,246268,
H_STAPLES,3,28866.91667,18.90433312,173693,
combo_2,1,23287.83333,12.66331339,123238,
CICO_FD,7,18114.91667,11.83208143,70403,
combo_4,6,15635.25,10.08075435,32721,
DP+DB,3,13452,9.052489906,59940,
REB_G1_FD,6,11976.83333,8.277009906,27550,
DIAPERS,3,11467.91667,7.665719697,40343,
OIL&GHEE_S,4,10977.33333,7.269757174,43804,
combo_3,4,9884.333333,6.545916115,43174,
ATTA,2,9146.5,6.281936813,48906,
DL+CL,3,8980,6.180316586,34944,
CICO_D2,7,8672.833333,6.516028049,55456,
combo_7,6,7105.833333,5.23257241,18364,
CICO_OIL,7,7061.583333,5.649266667,59677,
LIQUID_E0,3,6787.5,4.998159057,27318,
HVAL_APPG1,1,6639,6.93006263,16404,
HNK_LARGE,3,6102,4.196698762,22872,
M&S_2,4,3968.25,2.943805638,13611,
combo_1,1,3008.666667,2.775522755,23564,
combo_10,6,2145.75,2.524411765,5727,
REB_FD_G0,6,1643.916667,1.927217663,4637,
HVAL_APP_2,1,610.1666667,1.089583333,1394,
SAMPLE,6,264.25,0.793543544,1059,
GOLD,1,88.83333333,1.124472574,322,
,,,,,
,,,,,
4. Priority workload,,,,,
priority_num,order_count,total_qty,total_work_minutes,avg_work_minutes,
1,446,826774,198630.8333,16.97844545,
2,436,1106830,245186.3333,20.1982316,
3,456,1114403,261437.4167,21.09046601,
4,25,47619,12677.75,16.31628057,
5,518,909382,216404.8333,16.40922303,
6,10,24005,6811.916667,30.96325758,
9,32,48282,12355,15.75892857,
,,,,,
5. Highest-work orders across zones,,,,,
order_id,total_order_work_minutes,zones_touched,total_qty,,
BLR_122268,2785.416667,34,16379,,
BLR_129739,2475.5,35,13056,,
BLR_126050,2442.583333,36,12565,,
BLR_125045,2426.583333,35,11953,,
BLR_122236,2425.083333,35,8485,,
BLR_120620,2317.833333,34,10474,,
BLR_128741,2264,37,10434,,
BLR_122524,2228.916667,36,9617,,
BLR_128126,2219.416667,35,9509,,
BLR_127760,2139,35,9174,,
,,,,,
,,,,,
6. Zones with unusually high workload,,,,,
zone,avg_zone_work,overall_work,,,
combo_9,75.5771033,18.62203549,,,
combo_11,49.33099936,18.62203549,,,
FMCG_FOOD2,43.8812888,18.62203549,,,
combo_6,43.84951199,18.62203549,,,
combo_8,37.65823255,18.62203549,,,
SPICES&DAL,31.72412871,18.62203549,,,
FMCG_FOOD1,31.68704536,18.62203549,,,
BISC_BAK,27.32632199,18.62203549,,,
combo_5,26.17603899,18.62203549,,,
STAPLES,24.44554188,18.62203549,,,
CHOCOLATES,22.92119741,18.62203549,,,
CICO_G2,21.03135314,18.62203549,,,
FRAGILE_FD,20.26390686,18.62203549,,,
CD_CICO,19.86355374,18.62203549,,,
H_STAPLES,18.90433312,18.62203549,,,
,,,,,
,,,,,
7. Day-over-day zone workload — LAG(),,,,,
order_date,zone,daily_work_minutes,previous_day_work_minutes,workload_change,
11/8/2025,ATTA,238.4166667,,,
11/9/2025,ATTA,241.8333333,238.4166667,3.416666667,
11/10/2025,ATTA,375.6666667,241.8333333,133.8333333,
11/11/2025,ATTA,314,375.6666667,-61.66666667,
11/12/2025,ATTA,240.6666667,314,-73.33333333,
11/13/2025,ATTA,371.8333333,240.6666667,131.1666667,
11/14/2025,ATTA,354.4166667,371.8333333,-17.41666667,
11/15/2025,ATTA,286.1666667,354.4166667,-68.25,
11/16/2025,ATTA,260.0833333,286.1666667,-26.08333333,
11/17/2025,ATTA,268.5833333,260.0833333,8.5,
11/18/2025,ATTA,244.4166667,268.5833333,-24.16666667,
11/19/2025,ATTA,252,244.4166667,7.583333333,
11/20/2025,ATTA,363.25,252,111.25,
11/21/2025,ATTA,451.1666667,363.25,87.91666667,
11/22/2025,ATTA,219.3333333,451.1666667,-231.8333333,
11/23/2025,ATTA,196.25,219.3333333,-23.08333333,
11/24/2025,ATTA,397.9166667,196.25,201.6666667,
11/25/2025,ATTA,371.9166667,397.9166667,-26,
11/26/2025,ATTA,302.0833333,371.9166667,-69.83333333,
11/27/2025,ATTA,231.1666667,302.0833333,-70.91666667,
11/28/2025,ATTA,309.6666667,231.1666667,78.5,
11/29/2025,ATTA,229.9166667,309.6666667,-79.75,
11/30/2025,ATTA,212.0833333,229.9166667,-17.83333333,
12/1/2025,ATTA,249.0833333,212.0833333,37,
12/2/2025,ATTA,333.75,249.0833333,84.66666667,
12/3/2025,ATTA,293.25,333.75,-40.5,
12/4/2025,ATTA,468.8333333,293.25,175.5833333,
12/5/2025,ATTA,441.75,468.8333333,-27.08333333,
12/6/2025,ATTA,227.9166667,441.75,-213.8333333,
12/7/2025,ATTA,165.5833333,227.9166667,-62.33333333,
12/8/2025,ATTA,233.5,165.5833333,67.91666667,
11/8/2025,BISC_BAK,1030,,,
11/9/2025,BISC_BAK,1264.416667,1030,234.4166667,
11/10/2025,BISC_BAK,960,1264.416667,-304.4166667,
11/11/2025,BISC_BAK,1186.083333,960,226.0833333,
11/12/2025,BISC_BAK,922.5833333,1186.083333,-263.5,
11/13/2025,BISC_BAK,1025.166667,922.5833333,102.5833333,
11/14/2025,BISC_BAK,1499.166667,1025.166667,474,
11/15/2025,BISC_BAK,1087.916667,1499.166667,-411.25,
11/16/2025,BISC_BAK,1110.5,1087.916667,22.58333333,
11/17/2025,BISC_BAK,880.5,1110.5,-230,
11/18/2025,BISC_BAK,1372.75,880.5,492.25,
11/19/2025,BISC_BAK,1581.25,1372.75,208.5,
11/20/2025,BISC_BAK,1370.083333,1581.25,-211.1666667,
11/21/2025,BISC_BAK,1824.833333,1370.083333,454.75,
11/22/2025,BISC_BAK,1752.083333,1824.833333,-72.75,
11/23/2025,BISC_BAK,1293.25,1752.083333,-458.8333333,
11/24/2025,BISC_BAK,1702.083333,1293.25,408.8333333,
11/25/2025,BISC_BAK,1627.083333,1702.083333,-75,
11/26/2025,BISC_BAK,1632.916667,1627.083333,5.833333333,
11/27/2025,BISC_BAK,1149.416667,1632.916667,-483.5,
11/28/2025,BISC_BAK,1503.75,1149.416667,354.3333333,
11/29/2025,BISC_BAK,1478.833333,1503.75,-24.91666667,
11/30/2025,BISC_BAK,1261.083333,1478.833333,-217.75,
12/1/2025,BISC_BAK,1470.166667,1261.083333,209.0833333,
12/2/2025,BISC_BAK,2240.333333,1470.166667,770.1666667,
12/3/2025,BISC_BAK,1491.416667,2240.333333,-748.9166667,
12/4/2025,BISC_BAK,1110.833333,1491.416667,-380.5833333,
12/5/2025,BISC_BAK,1818.333333,1110.833333,707.5,
12/6/2025,BISC_BAK,895.5833333,1818.333333,-922.75,
12/7/2025,BISC_BAK,1310.5,895.5833333,414.9166667,
12/8/2025,BISC_BAK,1694.166667,1310.5,383.6666667,
11/8/2025,CD_CICO,1003.666667,,,
11/9/2025,CD_CICO,766.1666667,1003.666667,-237.5,
11/10/2025,CD_CICO,726.1666667,766.1666667,-40,
11/11/2025,CD_CICO,1334.333333,726.1666667,608.1666667,
11/12/2025,CD_CICO,1252.25,1334.333333,-82.08333333,
11/13/2025,CD_CICO,1238.916667,1252.25,-13.33333333,
11/14/2025,CD_CICO,1341.416667,1238.916667,102.5,
11/15/2025,CD_CICO,716.4166667,1341.416667,-625,
11/16/2025,CD_CICO,988.9166667,716.4166667,272.5,
11/17/2025,CD_CICO,1020.916667,988.9166667,32,
11/18/2025,CD_CICO,1346.5,1020.916667,325.5833333,
11/19/2025,CD_CICO,543,1346.5,-803.5,
11/20/2025,CD_CICO,523.1666667,543,-19.83333333,
11/21/2025,CD_CICO,556.0833333,523.1666667,32.91666667,
11/22/2025,CD_CICO,767.6666667,556.0833333,211.5833333,
11/23/2025,CD_CICO,1144.666667,767.6666667,377,
11/24/2025,CD_CICO,784.75,1144.666667,-359.9166667,
11/25/2025,CD_CICO,1075.5,784.75,290.75,
11/26/2025,CD_CICO,884.6666667,1075.5,-190.8333333,
11/27/2025,CD_CICO,786.6666667,884.6666667,-98,
11/28/2025,CD_CICO,1005.5,786.6666667,218.8333333,
11/29/2025,CD_CICO,1166.333333,1005.5,160.8333333,
11/30/2025,CD_CICO,1427.916667,1166.333333,261.5833333,
12/1/2025,CD_CICO,903.4166667,1427.916667,-524.5,
12/2/2025,CD_CICO,726.0833333,903.4166667,-177.3333333,
12/3/2025,CD_CICO,749.3333333,726.0833333,23.25,
12/4/2025,CD_CICO,911.5833333,749.3333333,162.25,
12/5/2025,CD_CICO,1002.333333,911.5833333,90.75,
12/6/2025,CD_CICO,601.75,1002.333333,-400.5833333,
12/7/2025,CD_CICO,977.75,601.75,376,
12/8/2025,CD_CICO,866,977.75,-111.75,
11/8/2025,CHOCOLATES,866.8333333,,,
11/9/2025,CHOCOLATES,1090.166667,866.8333333,223.3333333,
11/10/2025,CHOCOLATES,920.75,1090.166667,-169.4166667,
11/11/2025,CHOCOLATES,1009.916667,920.75,89.16666667,
11/12/2025,CHOCOLATES,620.1666667,1009.916667,-389.75,
11/13/2025,CHOCOLATES,1041.833333,620.1666667,421.6666667,
11/14/2025,CHOCOLATES,1115.333333,1041.833333,73.5,
11/15/2025,CHOCOLATES,907.75,1115.333333,-207.5833333,
11/16/2025,CHOCOLATES,1212.166667,907.75,304.4166667,
11/17/2025,CHOCOLATES,1080.833333,1212.166667,-131.3333333,
11/18/2025,CHOCOLATES,793.75,1080.833333,-287.0833333,
11/19/2025,CHOCOLATES,1203.833333,793.75,410.0833333,
11/20/2025,CHOCOLATES,1112.416667,1203.833333,-91.41666667,
11/21/2025,CHOCOLATES,1326.916667,1112.416667,214.5,
11/22/2025,CHOCOLATES,1255,1326.916667,-71.91666667,
11/23/2025,CHOCOLATES,1021.083333,1255,-233.9166667,
11/24/2025,CHOCOLATES,1083.666667,1021.083333,62.58333333,
11/25/2025,CHOCOLATES,1063,1083.666667,-20.66666667,
11/26/2025,CHOCOLATES,1106.5,1063,43.5,
11/27/2025,CHOCOLATES,821.6666667,1106.5,-284.8333333,
11/28/2025,CHOCOLATES,1385.25,821.6666667,563.5833333,
11/29/2025,CHOCOLATES,1428.666667,1385.25,43.41666667,
11/30/2025,CHOCOLATES,967.6666667,1428.666667,-461,
12/1/2025,CHOCOLATES,1612.75,967.6666667,645.0833333,
12/2/2025,CHOCOLATES,2075.416667,1612.75,462.6666667,
12/3/2025,CHOCOLATES,1162.333333,2075.416667,-913.0833333,
12/4/2025,CHOCOLATES,1006.416667,1162.333333,-155.9166667,
12/5/2025,CHOCOLATES,1222.333333,1006.416667,215.9166667,
12/6/2025,CHOCOLATES,1091.583333,1222.333333,-130.75,
12/7/2025,CHOCOLATES,1471.833333,1091.583333,380.25,
12/8/2025,CHOCOLATES,1335.416667,1471.833333,-136.4166667,
11/8/2025,CICO_D2,224.4166667,,,
11/9/2025,CICO_D2,691.75,224.4166667,467.3333333,
11/10/2025,CICO_D2,325.3333333,691.75,-366.4166667,
11/11/2025,CICO_D2,314.5,325.3333333,-10.83333333,
11/12/2025,CICO_D2,218.75,314.5,-95.75,
11/13/2025,CICO_D2,194.1666667,218.75,-24.58333333,
11/14/2025,CICO_D2,251.0833333,194.1666667,56.91666667,
11/15/2025,CICO_D2,336,251.0833333,84.91666667,
11/16/2025,CICO_D2,335.3333333,336,-0.666666667,
11/17/2025,CICO_D2,311.4166667,335.3333333,-23.91666667,
11/18/2025,CICO_D2,269,311.4166667,-42.41666667,
11/19/2025,CICO_D2,137.25,269,-131.75,
11/20/2025,CICO_D2,351.6666667,137.25,214.4166667,
11/21/2025,CICO_D2,294.5,351.6666667,-57.16666667,
11/22/2025,CICO_D2,352.6666667,294.5,58.16666667,
11/23/2025,CICO_D2,208,352.6666667,-144.6666667,
11/24/2025,CICO_D2,123.75,208,-84.25,
11/25/2025,CICO_D2,110.4166667,123.75,-13.33333333,
11/26/2025,CICO_D2,127.5,110.4166667,17.08333333,
11/27/2025,CICO_D2,250.6666667,127.5,123.1666667,
11/28/2025,CICO_D2,498.75,250.6666667,248.0833333,
11/29/2025,CICO_D2,269.3333333,498.75,-229.4166667,
11/30/2025,CICO_D2,287.9166667,269.3333333,18.58333333,
12/1/2025,CICO_D2,323.6666667,287.9166667,35.75,
12/2/2025,CICO_D2,180.9166667,323.6666667,-142.75,
12/3/2025,CICO_D2,321,180.9166667,140.0833333,
12/4/2025,CICO_D2,239.4166667,321,-81.58333333,
12/5/2025,CICO_D2,384.0833333,239.4166667,144.6666667,
12/6/2025,CICO_D2,238.8333333,384.0833333,-145.25,
12/7/2025,CICO_D2,299.6666667,238.8333333,60.83333333,
12/8/2025,CICO_D2,201.0833333,299.6666667,-98.58333333,
11/8/2025,CICO_FD,559.25,,,
11/9/2025,CICO_FD,994.4166667,559.25,435.1666667,
11/10/2025,CICO_FD,644,994.4166667,-350.4166667,
11/11/2025,CICO_FD,472,644,-172,
11/12/2025,CICO_FD,508.0833333,472,36.08333333,
11/13/2025,CICO_FD,472.25,508.0833333,-35.83333333,
11/14/2025,CICO_FD,533.75,472.25,61.5,
11/15/2025,CICO_FD,588.8333333,533.75,55.08333333,
11/16/2025,CICO_FD,559.9166667,588.8333333,-28.91666667,
11/17/2025,CICO_FD,619.9166667,559.9166667,60,
11/18/2025,CICO_FD,847.9166667,619.9166667,228,
11/19/2025,CICO_FD,602.3333333,847.9166667,-245.5833333,
11/20/2025,CICO_FD,804.0833333,602.3333333,201.75,
11/21/2025,CICO_FD,680.6666667,804.0833333,-123.4166667,
11/22/2025,CICO_FD,541.0833333,680.6666667,-139.5833333,
11/23/2025,CICO_FD,454.5,541.0833333,-86.58333333,
11/24/2025,CICO_FD,512.8333333,454.5,58.33333333,
11/25/2025,CICO_FD,509.4166667,512.8333333,-3.416666667,
11/26/2025,CICO_FD,516.0833333,509.4166667,6.666666667,
11/27/2025,CICO_FD,619.9166667,516.0833333,103.8333333,
11/28/2025,CICO_FD,693.6666667,619.9166667,73.75,
11/29/2025,CICO_FD,535.0833333,693.6666667,-158.5833333,
11/30/2025,CICO_FD,571.8333333,535.0833333,36.75,
12/1/2025,CICO_FD,533.25,571.8333333,-38.58333333,
12/2/2025,CICO_FD,991.3333333,533.25,458.0833333,
12/3/2025,CICO_FD,439.3333333,991.3333333,-552,
12/4/2025,CICO_FD,369.5,439.3333333,-69.83333333,
12/5/2025,CICO_FD,781.5833333,369.5,412.0833333,
12/6/2025,CICO_FD,322.25,781.5833333,-459.3333333,
12/7/2025,CICO_FD,508.8333333,322.25,186.5833333,
12/8/2025,CICO_FD,327,508.8333333,-181.8333333,
11/8/2025,CICO_G2,1128.666667,,,
11/9/2025,CICO_G2,1165.416667,1128.666667,36.75,
11/10/2025,CICO_G2,1014.25,1165.416667,-151.1666667,
11/11/2025,CICO_G2,1407.833333,1014.25,393.5833333,
11/12/2025,CICO_G2,1060.25,1407.833333,-347.5833333,
11/13/2025,CICO_G2,1226.75,1060.25,166.5,
11/14/2025,CICO_G2,1285.916667,1226.75,59.16666667,
11/15/2025,CICO_G2,1038.75,1285.916667,-247.1666667,
11/16/2025,CICO_G2,976.6666667,1038.75,-62.08333333,
11/17/2025,CICO_G2,1004.25,976.6666667,27.58333333,
11/18/2025,CICO_G2,753.3333333,1004.25,-250.9166667,
11/19/2025,CICO_G2,951.9166667,753.3333333,198.5833333,
11/20/2025,CICO_G2,1431.25,951.9166667,479.3333333,
11/21/2025,CICO_G2,798.6666667,1431.25,-632.5833333,
11/22/2025,CICO_G2,824.0833333,798.6666667,25.41666667,
11/23/2025,CICO_G2,1144.666667,824.0833333,320.5833333,
11/24/2025,CICO_G2,1296.083333,1144.666667,151.4166667,
11/25/2025,CICO_G2,934.25,1296.083333,-361.8333333,
11/26/2025,CICO_G2,1024.833333,934.25,90.58333333,
11/27/2025,CICO_G2,548.6666667,1024.833333,-476.1666667,
11/28/2025,CICO_G2,683.75,548.6666667,135.0833333,
11/29/2025,CICO_G2,911.25,683.75,227.5,
11/30/2025,CICO_G2,1114.083333,911.25,202.8333333,
12/1/2025,CICO_G2,900.3333333,1114.083333,-213.75,
12/2/2025,CICO_G2,539.6666667,900.3333333,-360.6666667,
12/3/2025,CICO_G2,757,539.6666667,217.3333333,
12/4/2025,CICO_G2,589.8333333,757,-167.1666667,
12/5/2025,CICO_G2,906.6666667,589.8333333,316.8333333,
12/6/2025,CICO_G2,707,906.6666667,-199.6666667,
12/7/2025,CICO_G2,940.6666667,707,233.6666667,
12/8/2025,CICO_G2,671.5833333,940.6666667,-269.0833333,
11/8/2025,CICO_OIL,259.3333333,,,
11/9/2025,CICO_OIL,139,259.3333333,-120.3333333,
11/10/2025,CICO_OIL,131.1666667,139,-7.833333333,
11/11/2025,CICO_OIL,116.75,131.1666667,-14.41666667,
11/12/2025,CICO_OIL,103,116.75,-13.75,
11/13/2025,CICO_OIL,221.25,103,118.25,
11/14/2025,CICO_OIL,188.1666667,221.25,-33.08333333,
11/15/2025,CICO_OIL,208.5,188.1666667,20.33333333,
11/16/2025,CICO_OIL,205.25,208.5,-3.25,
11/17/2025,CICO_OIL,226.5,205.25,21.25,
11/18/2025,CICO_OIL,154.1666667,226.5,-72.33333333,
11/19/2025,CICO_OIL,191.9166667,154.1666667,37.75,
11/20/2025,CICO_OIL,210.5833333,191.9166667,18.66666667,
11/21/2025,CICO_OIL,197.75,210.5833333,-12.83333333,
11/22/2025,CICO_OIL,137.8333333,197.75,-59.91666667,
11/23/2025,CICO_OIL,201.6666667,137.8333333,63.83333333,
11/24/2025,CICO_OIL,226.8333333,201.6666667,25.16666667,
11/25/2025,CICO_OIL,220.8333333,226.8333333,-6,
11/26/2025,CICO_OIL,124.4166667,220.8333333,-96.41666667,
11/27/2025,CICO_OIL,163,124.4166667,38.58333333,
11/28/2025,CICO_OIL,245.5833333,163,82.58333333,
11/29/2025,CICO_OIL,230.9166667,245.5833333,-14.66666667,
11/30/2025,CICO_OIL,289.25,230.9166667,58.33333333,
12/1/2025,CICO_OIL,167.4166667,289.25,-121.8333333,
12/2/2025,CICO_OIL,436.6666667,167.4166667,269.25,
12/3/2025,CICO_OIL,262.9166667,436.6666667,-173.75,
12/4/2025,CICO_OIL,448,262.9166667,185.0833333,
12/5/2025,CICO_OIL,572.0833333,448,124.0833333,
12/6/2025,CICO_OIL,265,572.0833333,-307.0833333,
12/7/2025,CICO_OIL,249,265,-16,
12/8/2025,CICO_OIL,266.8333333,249,17.83333333,
11/8/2025,combo_1,93.41666667,,,
11/9/2025,combo_1,98.41666667,93.41666667,5,
11/10/2025,combo_1,91.83333333,98.41666667,-6.583333333,
11/11/2025,combo_1,92.91666667,91.83333333,1.083333333,
11/12/2025,combo_1,66.41666667,92.91666667,-26.5,
11/13/2025,combo_1,90.08333333,66.41666667,23.66666667,
11/14/2025,combo_1,82,90.08333333,-8.083333333,
11/15/2025,combo_1,103.6666667,82,21.66666667,
11/16/2025,combo_1,97.33333333,103.6666667,-6.333333333,
11/17/2025,combo_1,73.66666667,97.33333333,-23.66666667,
11/18/2025,combo_1,107.75,73.66666667,34.08333333,
11/19/2025,combo_1,80.66666667,107.75,-27.08333333,
11/20/2025,combo_1,72.08333333,80.66666667,-8.583333333,
11/21/2025,combo_1,144.5833333,72.08333333,72.5,
11/22/2025,combo_1,108.3333333,144.5833333,-36.25,
11/23/2025,combo_1,93.33333333,108.3333333,-15,
11/24/2025,combo_1,124.6666667,93.33333333,31.33333333,
11/25/2025,combo_1,114.0833333,124.6666667,-10.58333333,
11/26/2025,combo_1,105.3333333,114.0833333,-8.75,
11/27/2025,combo_1,49.5,105.3333333,-55.83333333,
11/28/2025,combo_1,98.75,49.5,49.25,
11/29/2025,combo_1,103.6666667,98.75,4.916666667,
11/30/2025,combo_1,114.75,103.6666667,11.08333333,
12/1/2025,combo_1,106.9166667,114.75,-7.833333333,
12/2/2025,combo_1,80.08333333,106.9166667,-26.83333333,
12/3/2025,combo_1,98.16666667,80.08333333,18.08333333,
12/4/2025,combo_1,109.5833333,98.16666667,11.41666667,
12/5/2025,combo_1,89,109.5833333,-20.58333333,
12/6/2025,combo_1,82.08333333,89,-6.916666667,
12/7/2025,combo_1,124.5833333,82.08333333,42.5,
12/8/2025,combo_1,111,124.5833333,-13.58333333,
11/8/2025,combo_10,46.58333333,,,
11/9/2025,combo_10,94.33333333,46.58333333,47.75,
11/10/2025,combo_10,46.91666667,94.33333333,-47.41666667,
11/11/2025,combo_10,19.58333333,46.91666667,-27.33333333,
11/12/2025,combo_10,17.83333333,19.58333333,-1.75,
11/13/2025,combo_10,49.91666667,17.83333333,32.08333333,
11/14/2025,combo_10,81.83333333,49.91666667,31.91666667,
11/15/2025,combo_10,17.5,81.83333333,-64.33333333,
11/16/2025,combo_10,15.66666667,17.5,-1.833333333,
11/17/2025,combo_10,95.83333333,15.66666667,80.16666667,
11/18/2025,combo_10,22.66666667,95.83333333,-73.16666667,
11/19/2025,combo_10,43.66666667,22.66666667,21,
11/20/2025,combo_10,30.16666667,43.66666667,-13.5,
11/21/2025,combo_10,24.91666667,30.16666667,-5.25,
11/22/2025,combo_10,29.91666667,24.91666667,5,
11/23/2025,combo_10,7.25,29.91666667,-22.66666667,
11/24/2025,combo_10,8.416666667,7.25,1.166666667,
11/25/2025,combo_10,7.666666667,8.416666667,-0.75,
11/26/2025,combo_10,17.83333333,7.666666667,10.16666667,
11/27/2025,combo_10,3,17.83333333,-14.83333333,
11/28/2025,combo_10,33,3,30,
11/29/2025,combo_10,7.333333333,33,-25.66666667,
11/30/2025,combo_10,19.58333333,7.333333333,12.25,
12/1/2025,combo_10,100.25,19.58333333,80.66666667,
12/2/2025,combo_10,47,100.25,-53.25,
12/3/2025,combo_10,16.83333333,47,-30.16666667,
12/4/2025,combo_10,37,16.83333333,20.16666667,
12/5/2025,combo_10,175.5,37,138.5,
12/6/2025,combo_10,286.6666667,175.5,111.1666667,
12/7/2025,combo_10,363.5,286.6666667,76.83333333,
12/8/2025,combo_10,377.5833333,363.5,14.08333333,
11/8/2025,combo_11,2214.5,,,
11/9/2025,combo_11,2861.916667,2214.5,647.4166667,
11/10/2025,combo_11,2704.333333,2861.916667,-157.5833333,
11/11/2025,combo_11,3039.5,2704.333333,335.1666667,
11/12/2025,combo_11,2026.75,3039.5,-1012.75,
11/13/2025,combo_11,3510.666667,2026.75,1483.916667,
11/14/2025,combo_11,2365,3510.666667,-1145.666667,
11/15/2025,combo_11,1962.833333,2365,-402.1666667,
11/16/2025,combo_11,2496.333333,1962.833333,533.5,
11/17/2025,combo_11,2122.583333,2496.333333,-373.75,
11/18/2025,combo_11,2532.25,2122.583333,409.6666667,
11/19/2025,combo_11,2125.916667,2532.25,-406.3333333,
11/20/2025,combo_11,3342,2125.916667,1216.083333,
11/21/2025,combo_11,2993.5,3342,-348.5,
11/22/2025,combo_11,2259.583333,2993.5,-733.9166667,
11/23/2025,combo_11,2084,2259.583333,-175.5833333,
11/24/2025,combo_11,2047.166667,2084,-36.83333333,
11/25/2025,combo_11,2188.833333,2047.166667,141.6666667,
11/26/2025,combo_11,1991.75,2188.833333,-197.0833333,
11/27/2025,combo_11,1952.166667,1991.75,-39.58333333,
11/28/2025,combo_11,2621.75,1952.166667,669.5833333,
11/29/2025,combo_11,2254.583333,2621.75,-367.1666667,
11/30/2025,combo_11,2201.166667,2254.583333,-53.41666667,
12/1/2025,combo_11,2645.833333,2201.166667,444.6666667,
12/2/2025,combo_11,1814.5,2645.833333,-831.3333333,
12/3/2025,combo_11,2384.583333,1814.5,570.0833333,
12/4/2025,combo_11,2415.416667,2384.583333,30.83333333,
12/5/2025,combo_11,3527.25,2415.416667,1111.833333,
12/6/2025,combo_11,2997.083333,3527.25,-530.1666667,
12/7/2025,combo_11,3034,2997.083333,36.91666667,
12/8/2025,combo_11,2781.25,3034,-252.75,
11/8/2025,combo_2,845.75,,,
11/9/2025,combo_2,989.6666667,845.75,143.9166667,
11/10/2025,combo_2,737.25,989.6666667,-252.4166667,
11/11/2025,combo_2,925.0833333,737.25,187.8333333,
11/12/2025,combo_2,746.3333333,925.0833333,-178.75,
11/13/2025,combo_2,665.75,746.3333333,-80.58333333,
11/14/2025,combo_2,754.5833333,665.75,88.83333333,
11/15/2025,combo_2,717,754.5833333,-37.58333333,
11/16/2025,combo_2,847.4166667,717,130.4166667,
11/17/2025,combo_2,726.75,847.4166667,-120.6666667,
11/18/2025,combo_2,743.8333333,726.75,17.08333333,
11/19/2025,combo_2,928.75,743.8333333,184.9166667,
11/20/2025,combo_2,938.75,928.75,10,
11/21/2025,combo_2,866.3333333,938.75,-72.41666667,
11/22/2025,combo_2,998.8333333,866.3333333,132.5,
11/23/2025,combo_2,758.6666667,998.8333333,-240.1666667,
11/24/2025,combo_2,722.5833333,758.6666667,-36.08333333,
11/25/2025,combo_2,564.4166667,722.5833333,-158.1666667,
11/26/2025,combo_2,557,564.4166667,-7.416666667,
11/27/2025,combo_2,517.75,557,-39.25,
11/28/2025,combo_2,754.0833333,517.75,236.3333333,
11/29/2025,combo_2,724.5,754.0833333,-29.58333333,
11/30/2025,combo_2,608.6666667,724.5,-115.8333333,
12/1/2025,combo_2,815,608.6666667,206.3333333,
12/2/2025,combo_2,441,815,-374,
12/3/2025,combo_2,553.9166667,441,112.9166667,
12/4/2025,combo_2,905.4166667,553.9166667,351.5,
12/5/2025,combo_2,921,905.4166667,15.58333333,
12/6/2025,combo_2,460.5,921,-460.5,
12/7/2025,combo_2,649.5833333,460.5,189.0833333,
12/8/2025,combo_2,901.6666667,649.5833333,252.0833333,
11/8/2025,combo_3,344.5833333,,,
11/9/2025,combo_3,279.9166667,344.5833333,-64.66666667,
11/10/2025,combo_3,245.25,279.9166667,-34.66666667,
11/11/2025,combo_3,253.8333333,245.25,8.583333333,
11/12/2025,combo_3,206.3333333,253.8333333,-47.5,
11/13/2025,combo_3,439.9166667,206.3333333,233.5833333,
11/14/2025,combo_3,595.0833333,439.9166667,155.1666667,
11/15/2025,combo_3,158.3333333,595.0833333,-436.75,
11/16/2025,combo_3,282.8333333,158.3333333,124.5,
11/17/2025,combo_3,300.25,282.8333333,17.41666667,
11/18/2025,combo_3,203.1666667,300.25,-97.08333333,
11/19/2025,combo_3,278.8333333,203.1666667,75.66666667,
11/20/2025,combo_3,305.0833333,278.8333333,26.25,
11/21/2025,combo_3,389,305.0833333,83.91666667,
11/22/2025,combo_3,226.3333333,389,-162.6666667,
11/23/2025,combo_3,396.4166667,226.3333333,170.0833333,
11/24/2025,combo_3,299.5833333,396.4166667,-96.83333333,
11/25/2025,combo_3,302.1666667,299.5833333,2.583333333,
11/26/2025,combo_3,298.3333333,302.1666667,-3.833333333,
11/27/2025,combo_3,241.0833333,298.3333333,-57.25,
11/28/2025,combo_3,492.0833333,241.0833333,251,
11/29/2025,combo_3,288.5833333,492.0833333,-203.5,
11/30/2025,combo_3,224.3333333,288.5833333,-64.25,
12/1/2025,combo_3,241.25,224.3333333,16.91666667,
12/2/2025,combo_3,317.75,241.25,76.5,
12/3/2025,combo_3,229.0833333,317.75,-88.66666667,
12/4/2025,combo_3,300.25,229.0833333,71.16666667,
12/5/2025,combo_3,513,300.25,212.75,
12/6/2025,combo_3,342.9166667,513,-170.0833333,
12/7/2025,combo_3,497.5833333,342.9166667,154.6666667,
12/8/2025,combo_3,391.1666667,497.5833333,-106.4166667,
11/8/2025,combo_4,343.8333333,,,
11/9/2025,combo_4,538.6666667,343.8333333,194.8333333,
11/10/2025,combo_4,667.0833333,538.6666667,128.4166667,
11/11/2025,combo_4,606.9166667,667.0833333,-60.16666667,
11/12/2025,combo_4,349.6666667,606.9166667,-257.25,
11/13/2025,combo_4,1116.166667,349.6666667,766.5,
11/14/2025,combo_4,411.3333333,1116.166667,-704.8333333,
11/15/2025,combo_4,762.3333333,411.3333333,351,
11/16/2025,combo_4,926.8333333,762.3333333,164.5,
11/17/2025,combo_4,726.8333333,926.8333333,-200,
11/18/2025,combo_4,243.1666667,726.8333333,-483.6666667,
11/19/2025,combo_4,220.4166667,243.1666667,-22.75,
11/20/2025,combo_4,742.5833333,220.4166667,522.1666667,
11/21/2025,combo_4,961.1666667,742.5833333,218.5833333,
11/22/2025,combo_4,243.3333333,961.1666667,-717.8333333,
11/23/2025,combo_4,285.4166667,243.3333333,42.08333333,
11/24/2025,combo_4,573.0833333,285.4166667,287.6666667,
11/25/2025,combo_4,257.6666667,573.0833333,-315.4166667,
11/26/2025,combo_4,220,257.6666667,-37.66666667,
11/27/2025,combo_4,664.3333333,220,444.3333333,
11/28/2025,combo_4,592.8333333,664.3333333,-71.5,
11/29/2025,combo_4,323.25,592.8333333,-269.5833333,
11/30/2025,combo_4,251.4166667,323.25,-71.83333333,
12/1/2025,combo_4,326.4166667,251.4166667,75,
12/2/2025,combo_4,296.3333333,326.4166667,-30.08333333,
12/3/2025,combo_4,593.1666667,296.3333333,296.8333333,
12/4/2025,combo_4,411.9166667,593.1666667,-181.25,
12/5/2025,combo_4,457.1666667,411.9166667,45.25,
12/6/2025,combo_4,269.3333333,457.1666667,-187.8333333,
12/7/2025,combo_4,647.5833333,269.3333333,378.25,
12/8/2025,combo_4,605,647.5833333,-42.58333333,
11/8/2025,combo_5,1023.25,,,
11/9/2025,combo_5,1364.166667,1023.25,340.9166667,
11/10/2025,combo_5,1404.166667,1364.166667,40,
11/11/2025,combo_5,1685.5,1404.166667,281.3333333,
11/12/2025,combo_5,999.75,1685.5,-685.75,
11/13/2025,combo_5,1112.083333,999.75,112.3333333,
11/14/2025,combo_5,1495.416667,1112.083333,383.3333333,
11/15/2025,combo_5,985.4166667,1495.416667,-510,
11/16/2025,combo_5,1417.916667,985.4166667,432.5,
11/17/2025,combo_5,1122.333333,1417.916667,-295.5833333,
11/18/2025,combo_5,1289.916667,1122.333333,167.5833333,
11/19/2025,combo_5,1394.5,1289.916667,104.5833333,
11/20/2025,combo_5,1690.333333,1394.5,295.8333333,
11/21/2025,combo_5,1478.583333,1690.333333,-211.75,
11/22/2025,combo_5,978.8333333,1478.583333,-499.75,
11/23/2025,combo_5,1100.416667,978.8333333,121.5833333,
11/24/2025,combo_5,1241.666667,1100.416667,141.25,
11/25/2025,combo_5,912.75,1241.666667,-328.9166667,
11/26/2025,combo_5,1268.5,912.75,355.75,
11/27/2025,combo_5,1140.083333,1268.5,-128.4166667,
11/28/2025,combo_5,1169.75,1140.083333,29.66666667,
11/29/2025,combo_5,1202.25,1169.75,32.5,
11/30/2025,combo_5,990.5833333,1202.25,-211.6666667,
12/1/2025,combo_5,1413.333333,990.5833333,422.75,
12/2/2025,combo_5,2493.833333,1413.333333,1080.5,
12/3/2025,combo_5,1094.083333,2493.833333,-1399.75,
12/4/2025,combo_5,1191.25,1094.083333,97.16666667,
12/5/2025,combo_5,2343.166667,1191.25,1151.916667,
12/6/2025,combo_5,1031.333333,2343.166667,-1311.833333,
12/7/2025,combo_5,1352.25,1031.333333,320.9166667,
12/8/2025,combo_5,1342.5,1352.25,-9.75,
11/8/2025,combo_6,2303.5,,,
11/9/2025,combo_6,2638.166667,2303.5,334.6666667,
11/10/2025,combo_6,2393.333333,2638.166667,-244.8333333,
11/11/2025,combo_6,2641.166667,2393.333333,247.8333333,
11/12/2025,combo_6,1772.333333,2641.166667,-868.8333333,
11/13/2025,combo_6,2795.666667,1772.333333,1023.333333,
11/14/2025,combo_6,2232.083333,2795.666667,-563.5833333,
11/15/2025,combo_6,1824.916667,2232.083333,-407.1666667,
11/16/2025,combo_6,2255.416667,1824.916667,430.5,
11/17/2025,combo_6,1862,2255.416667,-393.4166667,
11/18/2025,combo_6,2337.083333,1862,475.0833333,
11/19/2025,combo_6,1945.166667,2337.083333,-391.9166667,
11/20/2025,combo_6,3341.666667,1945.166667,1396.5,
11/21/2025,combo_6,2632.416667,3341.666667,-709.25,
11/22/2025,combo_6,2010,2632.416667,-622.4166667,
11/23/2025,combo_6,2094.666667,2010,84.66666667,
11/24/2025,combo_6,1830.25,2094.666667,-264.4166667,
11/25/2025,combo_6,1720.833333,1830.25,-109.4166667,
11/26/2025,combo_6,1712.833333,1720.833333,-8,
11/27/2025,combo_6,1695.583333,1712.833333,-17.25,
11/28/2025,combo_6,2196.75,1695.583333,501.1666667,
11/29/2025,combo_6,2349.75,2196.75,153,
11/30/2025,combo_6,1929.166667,2349.75,-420.5833333,
12/1/2025,combo_6,2183.25,1929.166667,254.0833333,
12/2/2025,combo_6,1599.166667,2183.25,-584.0833333,
12/3/2025,combo_6,2282.416667,1599.166667,683.25,
12/4/2025,combo_6,2095.416667,2282.416667,-187,
12/5/2025,combo_6,3245.583333,2095.416667,1150.166667,
12/6/2025,combo_6,2253.416667,3245.583333,-992.1666667,
12/7/2025,combo_6,2513.833333,2253.416667,260.4166667,
12/8/2025,combo_6,2199.75,2513.833333,-314.0833333,
11/8/2025,combo_7,479.5833333,,,
11/9/2025,combo_7,373.3333333,479.5833333,-106.25,
11/10/2025,combo_7,233.8333333,373.3333333,-139.5,
11/11/2025,combo_7,381.5,233.8333333,147.6666667,
11/12/2025,combo_7,164.8333333,381.5,-216.6666667,
11/13/2025,combo_7,328.1666667,164.8333333,163.3333333,
11/14/2025,combo_7,242.1666667,328.1666667,-86,
11/15/2025,combo_7,143.75,242.1666667,-98.41666667,
11/16/2025,combo_7,242.0833333,143.75,98.33333333,
11/17/2025,combo_7,177.75,242.0833333,-64.33333333,
11/18/2025,combo_7,255.5833333,177.75,77.83333333,
11/19/2025,combo_7,34.41666667,255.5833333,-221.1666667,
11/20/2025,combo_7,104.1666667,34.41666667,69.75,
11/21/2025,combo_7,316.3333333,104.1666667,212.1666667,
11/22/2025,combo_7,96.08333333,316.3333333,-220.25,
11/23/2025,combo_7,81.41666667,96.08333333,-14.66666667,
11/24/2025,combo_7,202.9166667,81.41666667,121.5,
11/25/2025,combo_7,66.25,202.9166667,-136.6666667,
11/26/2025,combo_7,26.5,66.25,-39.75,
11/27/2025,combo_7,469.25,26.5,442.75,
11/28/2025,combo_7,282.5833333,469.25,-186.6666667,
11/29/2025,combo_7,216.1666667,282.5833333,-66.41666667,
11/30/2025,combo_7,200.5,216.1666667,-15.66666667,
12/1/2025,combo_7,323.75,200.5,123.25,
12/2/2025,combo_7,532,323.75,208.25,
12/3/2025,combo_7,227.25,532,-304.75,
12/4/2025,combo_7,211.75,227.25,-15.5,
12/5/2025,combo_7,124.0833333,211.75,-87.66666667,
12/6/2025,combo_7,148.9166667,124.0833333,24.83333333,
12/7/2025,combo_7,303.5833333,148.9166667,154.6666667,
12/8/2025,combo_7,115.3333333,303.5833333,-188.25,
11/8/2025,combo_8,1574.916667,,,
11/9/2025,combo_8,2163.166667,1574.916667,588.25,
11/10/2025,combo_8,2004,2163.166667,-159.1666667,
11/11/2025,combo_8,2983.5,2004,979.5,
11/12/2025,combo_8,1674.583333,2983.5,-1308.916667,
11/13/2025,combo_8,1961,1674.583333,286.4166667,
11/14/2025,combo_8,2449.333333,1961,488.3333333,
11/15/2025,combo_8,2216.25,2449.333333,-233.0833333,
11/16/2025,combo_8,2104.25,2216.25,-112,
11/17/2025,combo_8,1423.666667,2104.25,-680.5833333,
11/18/2025,combo_8,1525.666667,1423.666667,102,
11/19/2025,combo_8,1979.25,1525.666667,453.5833333,
11/20/2025,combo_8,2557.416667,1979.25,578.1666667,
11/21/2025,combo_8,1877.916667,2557.416667,-679.5,
11/22/2025,combo_8,1620.5,1877.916667,-257.4166667,
11/23/2025,combo_8,1600.083333,1620.5,-20.41666667,
11/24/2025,combo_8,1412.666667,1600.083333,-187.4166667,
11/25/2025,combo_8,1496.666667,1412.666667,84,
11/26/2025,combo_8,1435.5,1496.666667,-61.16666667,
11/27/2025,combo_8,1473.333333,1435.5,37.83333333,
11/28/2025,combo_8,1861.416667,1473.333333,388.0833333,
11/29/2025,combo_8,1747.083333,1861.416667,-114.3333333,
11/30/2025,combo_8,1428.416667,1747.083333,-318.6666667,
12/1/2025,combo_8,2212.166667,1428.416667,783.75,
12/2/2025,combo_8,1852,2212.166667,-360.1666667,
12/3/2025,combo_8,2379.833333,1852,527.8333333,
12/4/2025,combo_8,2351,2379.833333,-28.83333333,
12/5/2025,combo_8,2394.083333,2351,43.08333333,
12/6/2025,combo_8,1541.666667,2394.083333,-852.4166667,
12/7/2025,combo_8,2332.583333,1541.666667,790.9166667,
12/8/2025,combo_8,1527.166667,2332.583333,-805.4166667,
11/8/2025,combo_9,2872,,,
11/9/2025,combo_9,3639.5,2872,767.5,
11/10/2025,combo_9,3271,3639.5,-368.5,
11/11/2025,combo_9,3626.083333,3271,355.0833333,
11/12/2025,combo_9,3378.416667,3626.083333,-247.6666667,
11/13/2025,combo_9,2922.583333,3378.416667,-455.8333333,
11/14/2025,combo_9,3948.583333,2922.583333,1026,
11/15/2025,combo_9,4279.5,3948.583333,330.9166667,
11/16/2025,combo_9,3839.833333,4279.5,-439.6666667,
11/17/2025,combo_9,3210.583333,3839.833333,-629.25,
11/18/2025,combo_9,2980.083333,3210.583333,-230.5,
11/19/2025,combo_9,2873.333333,2980.083333,-106.75,
11/20/2025,combo_9,3832.5,2873.333333,959.1666667,
11/21/2025,combo_9,3899.75,3832.5,67.25,
11/22/2025,combo_9,3656.083333,3899.75,-243.6666667,
11/23/2025,combo_9,4122.916667,3656.083333,466.8333333,
11/24/2025,combo_9,3575.083333,4122.916667,-547.8333333,
11/25/2025,combo_9,3340.083333,3575.083333,-235,
11/26/2025,combo_9,3847.666667,3340.083333,507.5833333,
11/27/2025,combo_9,3255.916667,3847.666667,-591.75,
11/28/2025,combo_9,4410.833333,3255.916667,1154.916667,
11/29/2025,combo_9,4450.083333,4410.833333,39.25,
11/30/2025,combo_9,3803.416667,4450.083333,-646.6666667,
12/1/2025,combo_9,4109.916667,3803.416667,306.5,
12/2/2025,combo_9,4204,4109.916667,94.08333333,
12/3/2025,combo_9,4918.25,4204,714.25,
12/4/2025,combo_9,4309.666667,4918.25,-608.5833333,
12/5/2025,combo_9,4534.583333,4309.666667,224.9166667,
12/6/2025,combo_9,4511.5,4534.583333,-23.08333333,
12/7/2025,combo_9,4418.666667,4511.5,-92.83333333,
12/8/2025,combo_9,4235.75,4418.666667,-182.9166667,
11/8/2025,DIAPERS,142.5833333,,,
11/9/2025,DIAPERS,223.25,142.5833333,80.66666667,
11/10/2025,DIAPERS,175.5,223.25,-47.75,
11/11/2025,DIAPERS,165.4166667,175.5,-10.08333333,
11/12/2025,DIAPERS,96.08333333,165.4166667,-69.33333333,
11/13/2025,DIAPERS,242.9166667,96.08333333,146.8333333,
11/14/2025,DIAPERS,308.8333333,242.9166667,65.91666667,
11/15/2025,DIAPERS,287.1666667,308.8333333,-21.66666667,
11/16/2025,DIAPERS,298,287.1666667,10.83333333,
11/17/2025,DIAPERS,312,298,14,
11/18/2025,DIAPERS,401.5833333,312,89.58333333,
11/19/2025,DIAPERS,340.0833333,401.5833333,-61.5,
11/20/2025,DIAPERS,465.5833333,340.0833333,125.5,
11/21/2025,DIAPERS,336.4166667,465.5833333,-129.1666667,
11/22/2025,DIAPERS,287.4166667,336.4166667,-49,
11/23/2025,DIAPERS,281.6666667,287.4166667,-5.75,
11/24/2025,DIAPERS,447,281.6666667,165.3333333,
11/25/2025,DIAPERS,303.9166667,447,-143.0833333,
11/26/2025,DIAPERS,274.5,303.9166667,-29.41666667,
11/27/2025,DIAPERS,323.5833333,274.5,49.08333333,
11/28/2025,DIAPERS,471.5833333,323.5833333,148,
11/29/2025,DIAPERS,386.75,471.5833333,-84.83333333,
11/30/2025,DIAPERS,293.3333333,386.75,-93.41666667,
12/1/2025,DIAPERS,389.0833333,293.3333333,95.75,
12/2/2025,DIAPERS,329.5833333,389.0833333,-59.5,
12/3/2025,DIAPERS,565.3333333,329.5833333,235.75,
12/4/2025,DIAPERS,505,565.3333333,-60.33333333,
12/5/2025,DIAPERS,975.5,505,470.5,
12/6/2025,DIAPERS,428.25,975.5,-547.25,
12/7/2025,DIAPERS,1032.25,428.25,604,
12/8/2025,DIAPERS,377.75,1032.25,-654.5,
11/8/2025,DL+CL,169.25,,,
11/9/2025,DL+CL,239.0833333,169.25,69.83333333,
11/10/2025,DL+CL,217.25,239.0833333,-21.83333333,
11/11/2025,DL+CL,174.3333333,217.25,-42.91666667,
11/12/2025,DL+CL,146.6666667,174.3333333,-27.66666667,
11/13/2025,DL+CL,231.8333333,146.6666667,85.16666667,
11/14/2025,DL+CL,313,231.8333333,81.16666667,
11/15/2025,DL+CL,261.1666667,313,-51.83333333,
11/16/2025,DL+CL,315.5,261.1666667,54.33333333,
11/17/2025,DL+CL,226.75,315.5,-88.75,
11/18/2025,DL+CL,267.4166667,226.75,40.66666667,
11/19/2025,DL+CL,249.3333333,267.4166667,-18.08333333,
11/20/2025,DL+CL,393.0833333,249.3333333,143.75,
11/21/2025,DL+CL,328.0833333,393.0833333,-65,
11/22/2025,DL+CL,216.8333333,328.0833333,-111.25,
11/23/2025,DL+CL,244.75,216.8333333,27.91666667,
11/24/2025,DL+CL,275.5,244.75,30.75,
11/25/2025,DL+CL,290.75,275.5,15.25,
11/26/2025,DL+CL,254.25,290.75,-36.5,
11/27/2025,DL+CL,255.25,254.25,1,
11/28/2025,DL+CL,328.0833333,255.25,72.83333333,
11/29/2025,DL+CL,291.5833333,328.0833333,-36.5,
11/30/2025,DL+CL,286.25,291.5833333,-5.333333333,
12/1/2025,DL+CL,500.4166667,286.25,214.1666667,
12/2/2025,DL+CL,320.5833333,500.4166667,-179.8333333,
12/3/2025,DL+CL,431.1666667,320.5833333,110.5833333,
12/4/2025,DL+CL,387.4166667,431.1666667,-43.75,
12/5/2025,DL+CL,355.0833333,387.4166667,-32.33333333,
12/6/2025,DL+CL,228.0833333,355.0833333,-127,
12/7/2025,DL+CL,513.4166667,228.0833333,285.3333333,
12/8/2025,DL+CL,267.8333333,513.4166667,-245.5833333,
11/8/2025,DP+DB,254.9166667,,,
11/9/2025,DP+DB,384.0833333,254.9166667,129.1666667,
11/10/2025,DP+DB,412.25,384.0833333,28.16666667,
11/11/2025,DP+DB,301.8333333,412.25,-110.4166667,
11/12/2025,DP+DB,277.5,301.8333333,-24.33333333,
11/13/2025,DP+DB,361.8333333,277.5,84.33333333,
11/14/2025,DP+DB,407.8333333,361.8333333,46,
11/15/2025,DP+DB,333.3333333,407.8333333,-74.5,
11/16/2025,DP+DB,442.9166667,333.3333333,109.5833333,
11/17/2025,DP+DB,364,442.9166667,-78.91666667,
11/18/2025,DP+DB,380.25,364,16.25,
11/19/2025,DP+DB,265.75,380.25,-114.5,
11/20/2025,DP+DB,521.9166667,265.75,256.1666667,
11/21/2025,DP+DB,378.25,521.9166667,-143.6666667,
11/22/2025,DP+DB,381.3333333,378.25,3.083333333,
11/23/2025,DP+DB,392.25,381.3333333,10.91666667,
11/24/2025,DP+DB,408.5833333,392.25,16.33333333,
11/25/2025,DP+DB,462.5,408.5833333,53.91666667,
11/26/2025,DP+DB,381.3333333,462.5,-81.16666667,
11/27/2025,DP+DB,358.8333333,381.3333333,-22.5,
11/28/2025,DP+DB,472.8333333,358.8333333,114,
11/29/2025,DP+DB,558.9166667,472.8333333,86.08333333,
11/30/2025,DP+DB,477.1666667,558.9166667,-81.75,
12/1/2025,DP+DB,589.4166667,477.1666667,112.25,
12/2/2025,DP+DB,491.9166667,589.4166667,-97.5,
12/3/2025,DP+DB,568.25,491.9166667,76.33333333,
12/4/2025,DP+DB,517.5833333,568.25,-50.66666667,
12/5/2025,DP+DB,604.5833333,517.5833333,87,
12/6/2025,DP+DB,432.0833333,604.5833333,-172.5,
12/7/2025,DP+DB,737.6666667,432.0833333,305.5833333,
12/8/2025,DP+DB,530.0833333,737.6666667,-207.5833333,
11/8/2025,FMCG_FOOD1,1203.75,,,
11/9/2025,FMCG_FOOD1,1804.25,1203.75,600.5,
11/10/2025,FMCG_FOOD1,1669.916667,1804.25,-134.3333333,
11/11/2025,FMCG_FOOD1,1534.833333,1669.916667,-135.0833333,
11/12/2025,FMCG_FOOD1,1251.5,1534.833333,-283.3333333,
11/13/2025,FMCG_FOOD1,1702.75,1251.5,451.25,
11/14/2025,FMCG_FOOD1,1343,1702.75,-359.75,
11/15/2025,FMCG_FOOD1,1065.583333,1343,-277.4166667,
11/16/2025,FMCG_FOOD1,1754.833333,1065.583333,689.25,
11/17/2025,FMCG_FOOD1,1412.25,1754.833333,-342.5833333,
11/18/2025,FMCG_FOOD1,1585.833333,1412.25,173.5833333,
11/19/2025,FMCG_FOOD1,1311.75,1585.833333,-274.0833333,
11/20/2025,FMCG_FOOD1,1970.666667,1311.75,658.9166667,
11/21/2025,FMCG_FOOD1,1935.583333,1970.666667,-35.08333333,
11/22/2025,FMCG_FOOD1,1466.75,1935.583333,-468.8333333,
11/23/2025,FMCG_FOOD1,1554.75,1466.75,88,
11/24/2025,FMCG_FOOD1,1212.416667,1554.75,-342.3333333,
11/25/2025,FMCG_FOOD1,1336.75,1212.416667,124.3333333,
11/26/2025,FMCG_FOOD1,1307.166667,1336.75,-29.58333333,
11/27/2025,FMCG_FOOD1,1447.5,1307.166667,140.3333333,
11/28/2025,FMCG_FOOD1,1737.833333,1447.5,290.3333333,
11/29/2025,FMCG_FOOD1,1570.833333,1737.833333,-167,
11/30/2025,FMCG_FOOD1,1586.083333,1570.833333,15.25,
12/1/2025,FMCG_FOOD1,1616.833333,1586.083333,30.75,
12/2/2025,FMCG_FOOD1,2645.916667,1616.833333,1029.083333,
12/3/2025,FMCG_FOOD1,1637.416667,2645.916667,-1008.5,
12/4/2025,FMCG_FOOD1,1226,1637.416667,-411.4166667,
12/5/2025,FMCG_FOOD1,2130.25,1226,904.25,
12/6/2025,FMCG_FOOD1,1585.166667,2130.25,-545.0833333,
12/7/2025,FMCG_FOOD1,2075.583333,1585.166667,490.4166667,
12/8/2025,FMCG_FOOD1,1684.666667,2075.583333,-390.9166667,
11/8/2025,FMCG_FOOD2,1431.416667,,,
11/9/2025,FMCG_FOOD2,1863.5,1431.416667,432.0833333,
11/10/2025,FMCG_FOOD2,2182.166667,1863.5,318.6666667,
11/11/2025,FMCG_FOOD2,1948.916667,2182.166667,-233.25,
11/12/2025,FMCG_FOOD2,1689.833333,1948.916667,-259.0833333,
11/13/2025,FMCG_FOOD2,2286.833333,1689.833333,597,
11/14/2025,FMCG_FOOD2,2226,2286.833333,-60.83333333,
11/15/2025,FMCG_FOOD2,1861.833333,2226,-364.1666667,
11/16/2025,FMCG_FOOD2,2445.833333,1861.833333,584,
11/17/2025,FMCG_FOOD2,2001.666667,2445.833333,-444.1666667,
11/18/2025,FMCG_FOOD2,2468.25,2001.666667,466.5833333,
11/19/2025,FMCG_FOOD2,1818.166667,2468.25,-650.0833333,
11/20/2025,FMCG_FOOD2,3322.25,1818.166667,1504.083333,
11/21/2025,FMCG_FOOD2,2705.75,3322.25,-616.5,
11/22/2025,FMCG_FOOD2,2231.5,2705.75,-474.25,
11/23/2025,FMCG_FOOD2,2120.333333,2231.5,-111.1666667,
11/24/2025,FMCG_FOOD2,1873.083333,2120.333333,-247.25,
11/25/2025,FMCG_FOOD2,2504.75,1873.083333,631.6666667,
11/26/2025,FMCG_FOOD2,2078.916667,2504.75,-425.8333333,
11/27/2025,FMCG_FOOD2,2436.583333,2078.916667,357.6666667,
11/28/2025,FMCG_FOOD2,2228.083333,2436.583333,-208.5,
11/29/2025,FMCG_FOOD2,2541.666667,2228.083333,313.5833333,
11/30/2025,FMCG_FOOD2,1706.666667,2541.666667,-835,
12/1/2025,FMCG_FOOD2,2658.25,1706.666667,951.5833333,
12/2/2025,FMCG_FOOD2,3020.75,2658.25,362.5,
12/3/2025,FMCG_FOOD2,2182.833333,3020.75,-837.9166667,
12/4/2025,FMCG_FOOD2,2031.583333,2182.833333,-151.25,
12/5/2025,FMCG_FOOD2,2560,2031.583333,528.4166667,
12/6/2025,FMCG_FOOD2,2150.083333,2560,-409.9166667,
12/7/2025,FMCG_FOOD2,1645.916667,2150.083333,-504.1666667,
12/8/2025,FMCG_FOOD2,2099.75,1645.916667,453.8333333,
11/8/2025,FRAGILE_FD,744.8333333,,,
11/9/2025,FRAGILE_FD,927.1666667,744.8333333,182.3333333,
11/10/2025,FRAGILE_FD,1117.416667,927.1666667,190.25,
11/11/2025,FRAGILE_FD,894.25,1117.416667,-223.1666667,
11/12/2025,FRAGILE_FD,897.5833333,894.25,3.333333333,
11/13/2025,FRAGILE_FD,864.25,897.5833333,-33.33333333,
11/14/2025,FRAGILE_FD,841,864.25,-23.25,
11/15/2025,FRAGILE_FD,630.9166667,841,-210.0833333,
11/16/2025,FRAGILE_FD,897.75,630.9166667,266.8333333,
11/17/2025,FRAGILE_FD,697.0833333,897.75,-200.6666667,
11/18/2025,FRAGILE_FD,699,697.0833333,1.916666667,
11/19/2025,FRAGILE_FD,723.75,699,24.75,
11/20/2025,FRAGILE_FD,1223.5,723.75,499.75,
11/21/2025,FRAGILE_FD,1286,1223.5,62.5,
11/22/2025,FRAGILE_FD,807,1286,-479,
11/23/2025,FRAGILE_FD,933,807,126,
11/24/2025,FRAGILE_FD,930.6666667,933,-2.333333333,
11/25/2025,FRAGILE_FD,856.4166667,930.6666667,-74.25,
11/26/2025,FRAGILE_FD,716.0833333,856.4166667,-140.3333333,
11/27/2025,FRAGILE_FD,765.5,716.0833333,49.41666667,
11/28/2025,FRAGILE_FD,946.75,765.5,181.25,
11/29/2025,FRAGILE_FD,1009.083333,946.75,62.33333333,
11/30/2025,FRAGILE_FD,790.5833333,1009.083333,-218.5,
12/1/2025,FRAGILE_FD,899,790.5833333,108.4166667,
12/2/2025,FRAGILE_FD,4700.666667,899,3801.666667,
12/3/2025,FRAGILE_FD,843.1666667,4700.666667,-3857.5,
12/4/2025,FRAGILE_FD,812.6666667,843.1666667,-30.5,
12/5/2025,FRAGILE_FD,1126.666667,812.6666667,314,
12/6/2025,FRAGILE_FD,883.3333333,1126.666667,-243.3333333,
12/7/2025,FRAGILE_FD,940.4166667,883.3333333,57.08333333,
12/8/2025,FRAGILE_FD,922.5,940.4166667,-17.91666667,
11/10/2025,GOLD,8.75,,,
11/13/2025,GOLD,18.16666667,8.75,9.416666667,
11/14/2025,GOLD,10.66666667,18.16666667,-7.5,
11/15/2025,GOLD,1.833333333,10.66666667,-8.833333333,
11/16/2025,GOLD,5.583333333,1.833333333,3.75,
11/17/2025,GOLD,13.41666667,5.583333333,7.833333333,
11/18/2025,GOLD,3.916666667,13.41666667,-9.5,
11/19/2025,GOLD,7.5,3.916666667,3.583333333,
11/20/2025,GOLD,7.5,7.5,2E-16,
11/21/2025,GOLD,2.75,7.5,-4.75,
11/24/2025,GOLD,3.666666667,2.75,0.916666667,
11/25/2025,GOLD,1.333333333,3.666666667,-2.333333333,
11/26/2025,GOLD,0.583333333,1.333333333,-0.75,
11/28/2025,GOLD,0.583333333,0.583333333,0,
11/29/2025,GOLD,0.583333333,0.583333333,0,
11/30/2025,GOLD,0.666666667,0.583333333,0.083333333,
12/5/2025,GOLD,0.583333333,0.666666667,-0.083333333,
12/8/2025,GOLD,0.75,0.583333333,0.166666667,
11/8/2025,H_STAPLES,923.8333333,,,
11/9/2025,H_STAPLES,801.6666667,923.8333333,-122.1666667,
11/10/2025,H_STAPLES,891.5833333,801.6666667,89.91666667,
11/11/2025,H_STAPLES,891.4166667,891.5833333,-0.166666667,
11/12/2025,H_STAPLES,700.6666667,891.4166667,-190.75,
11/13/2025,H_STAPLES,947.75,700.6666667,247.0833333,
11/14/2025,H_STAPLES,786.0833333,947.75,-161.6666667,
11/15/2025,H_STAPLES,788.5,786.0833333,2.416666667,
11/16/2025,H_STAPLES,919.75,788.5,131.25,
11/17/2025,H_STAPLES,938,919.75,18.25,
11/18/2025,H_STAPLES,899.8333333,938,-38.16666667,
11/19/2025,H_STAPLES,1067.833333,899.8333333,168,
11/20/2025,H_STAPLES,1542.833333,1067.833333,475,
11/21/2025,H_STAPLES,1068.916667,1542.833333,-473.9166667,
11/22/2025,H_STAPLES,1029.416667,1068.916667,-39.5,
11/23/2025,H_STAPLES,1074.583333,1029.416667,45.16666667,
11/24/2025,H_STAPLES,1015,1074.583333,-59.58333333,
11/25/2025,H_STAPLES,1036.333333,1015,21.33333333,
11/26/2025,H_STAPLES,1169.75,1036.333333,133.4166667,
11/27/2025,H_STAPLES,849.75,1169.75,-320,
11/28/2025,H_STAPLES,1069.666667,849.75,219.9166667,
11/29/2025,H_STAPLES,980.6666667,1069.666667,-89,
11/30/2025,H_STAPLES,981.9166667,980.6666667,1.25,
12/1/2025,H_STAPLES,969.0833333,981.9166667,-12.83333333,
12/2/2025,H_STAPLES,852.25,969.0833333,-116.8333333,
12/3/2025,H_STAPLES,788.5833333,852.25,-63.66666667,
12/4/2025,H_STAPLES,838.9166667,788.5833333,50.33333333,
12/5/2025,H_STAPLES,1088.916667,838.9166667,250,
12/6/2025,H_STAPLES,792.75,1088.916667,-296.1666667,
12/7/2025,H_STAPLES,554.5,792.75,-238.25,
12/8/2025,H_STAPLES,606.1666667,554.5,51.66666667,
11/8/2025,HNK_LARGE,59.41666667,,,
11/9/2025,HNK_LARGE,139.6666667,59.41666667,80.25,
11/10/2025,HNK_LARGE,81.25,139.6666667,-58.41666667,
11/11/2025,HNK_LARGE,129.6666667,81.25,48.41666667,
11/12/2025,HNK_LARGE,68.08333333,129.6666667,-61.58333333,
11/13/2025,HNK_LARGE,151.0833333,68.08333333,83,
11/14/2025,HNK_LARGE,69.83333333,151.0833333,-81.25,
11/15/2025,HNK_LARGE,70.33333333,69.83333333,0.5,
11/16/2025,HNK_LARGE,157.4166667,70.33333333,87.08333333,
11/17/2025,HNK_LARGE,106.75,157.4166667,-50.66666667,
11/18/2025,HNK_LARGE,156.3333333,106.75,49.58333333,
11/19/2025,HNK_LARGE,102.1666667,156.3333333,-54.16666667,
11/20/2025,HNK_LARGE,127.5,102.1666667,25.33333333,
11/21/2025,HNK_LARGE,89.5,127.5,-38,
11/22/2025,HNK_LARGE,377,89.5,287.5,
11/23/2025,HNK_LARGE,215.75,377,-161.25,
11/24/2025,HNK_LARGE,216.5833333,215.75,0.833333333,
11/25/2025,HNK_LARGE,123.4166667,216.5833333,-93.16666667,
11/26/2025,HNK_LARGE,158.0833333,123.4166667,34.66666667,
11/27/2025,HNK_LARGE,187.3333333,158.0833333,29.25,
11/28/2025,HNK_LARGE,215.0833333,187.3333333,27.75,
11/29/2025,HNK_LARGE,180.8333333,215.0833333,-34.25,
11/30/2025,HNK_LARGE,162,180.8333333,-18.83333333,
12/1/2025,HNK_LARGE,301.6666667,162,139.6666667,
12/2/2025,HNK_LARGE,240.6666667,301.6666667,-61,
12/3/2025,HNK_LARGE,367.5833333,240.6666667,126.9166667,
12/4/2025,HNK_LARGE,349.6666667,367.5833333,-17.91666667,
12/5/2025,HNK_LARGE,206.3333333,349.6666667,-143.3333333,
12/6/2025,HNK_LARGE,201.5833333,206.3333333,-4.75,
12/7/2025,HNK_LARGE,540.3333333,201.5833333,338.75,
12/8/2025,HNK_LARGE,549.0833333,540.3333333,8.75,
11/8/2025,HVAL_APP_2,37.91666667,,,
11/9/2025,HVAL_APP_2,65.75,37.91666667,27.83333333,
11/10/2025,HVAL_APP_2,23.25,65.75,-42.5,
11/11/2025,HVAL_APP_2,92.08333333,23.25,68.83333333,
11/12/2025,HVAL_APP_2,16.08333333,92.08333333,-76,
11/13/2025,HVAL_APP_2,6.5,16.08333333,-9.583333333,
11/14/2025,HVAL_APP_2,23.16666667,6.5,16.66666667,
11/15/2025,HVAL_APP_2,4.916666667,23.16666667,-18.25,
11/16/2025,HVAL_APP_2,11.83333333,4.916666667,6.916666667,
11/17/2025,HVAL_APP_2,34.08333333,11.83333333,22.25,
11/18/2025,HVAL_APP_2,22.75,34.08333333,-11.33333333,
11/19/2025,HVAL_APP_2,16.16666667,22.75,-6.583333333,
11/21/2025,HVAL_APP_2,0.583333333,16.16666667,-15.58333333,
11/24/2025,HVAL_APP_2,1.166666667,0.583333333,0.583333333,
11/25/2025,HVAL_APP_2,5.916666667,1.166666667,4.75,
11/26/2025,HVAL_APP_2,13.58333333,5.916666667,7.666666667,
11/27/2025,HVAL_APP_2,5.25,13.58333333,-8.333333333,
11/28/2025,HVAL_APP_2,1.166666667,5.25,-4.083333333,
11/29/2025,HVAL_APP_2,53,1.166666667,51.83333333,
11/30/2025,HVAL_APP_2,12.5,53,-40.5,
12/1/2025,HVAL_APP_2,11.91666667,12.5,-0.583333333,
12/2/2025,HVAL_APP_2,3.583333333,11.91666667,-8.333333333,
12/3/2025,HVAL_APP_2,35.58333333,3.583333333,32,
12/4/2025,HVAL_APP_2,19.5,35.58333333,-16.08333333,
12/5/2025,HVAL_APP_2,12.91666667,19.5,-6.583333333,
12/6/2025,HVAL_APP_2,16.33333333,12.91666667,3.416666667,
12/7/2025,HVAL_APP_2,23.16666667,16.33333333,6.833333333,
12/8/2025,HVAL_APP_2,39.5,23.16666667,16.33333333,
11/20/2025,HVAL_APPG1,47.25,,,
11/21/2025,HVAL_APPG1,121.5833333,47.25,74.33333333,
11/22/2025,HVAL_APPG1,209.5,121.5833333,87.91666667,
11/23/2025,HVAL_APPG1,91,209.5,-118.5,
11/24/2025,HVAL_APPG1,198.3333333,91,107.3333333,
11/25/2025,HVAL_APPG1,493.75,198.3333333,295.4166667,
11/26/2025,HVAL_APPG1,296.5,493.75,-197.25,
11/27/2025,HVAL_APPG1,220,296.5,-76.5,
11/28/2025,HVAL_APPG1,565.4166667,220,345.4166667,
11/29/2025,HVAL_APPG1,327.8333333,565.4166667,-237.5833333,
11/30/2025,HVAL_APPG1,305.9166667,327.8333333,-21.91666667,
12/1/2025,HVAL_APPG1,249.6666667,305.9166667,-56.25,
12/2/2025,HVAL_APPG1,154.5833333,249.6666667,-95.08333333,
12/3/2025,HVAL_APPG1,653.75,154.5833333,499.1666667,
12/4/2025,HVAL_APPG1,525.5,653.75,-128.25,
12/5/2025,HVAL_APPG1,552.5833333,525.5,27.08333333,
12/6/2025,HVAL_APPG1,493.9166667,552.5833333,-58.66666667,
12/7/2025,HVAL_APPG1,581,493.9166667,87.08333333,
12/8/2025,HVAL_APPG1,550.9166667,581,-30.08333333,
11/8/2025,LIQUID_E0,149.75,,,
11/9/2025,LIQUID_E0,183.6666667,149.75,33.91666667,
11/10/2025,LIQUID_E0,183.5,183.6666667,-0.166666667,
11/11/2025,LIQUID_E0,154,183.5,-29.5,
11/12/2025,LIQUID_E0,85.58333333,154,-68.41666667,
11/13/2025,LIQUID_E0,76.58333333,85.58333333,-9,
11/14/2025,LIQUID_E0,119.9166667,76.58333333,43.33333333,
11/15/2025,LIQUID_E0,130.8333333,119.9166667,10.91666667,
11/16/2025,LIQUID_E0,300.6666667,130.8333333,169.8333333,
11/17/2025,LIQUID_E0,318.9166667,300.6666667,18.25,
11/18/2025,LIQUID_E0,333.75,318.9166667,14.83333333,
11/19/2025,LIQUID_E0,257.9166667,333.75,-75.83333333,
11/20/2025,LIQUID_E0,348.4166667,257.9166667,90.5,
11/21/2025,LIQUID_E0,314.5,348.4166667,-33.91666667,
11/22/2025,LIQUID_E0,159.9166667,314.5,-154.5833333,
11/23/2025,LIQUID_E0,158.9166667,159.9166667,-1,
11/24/2025,LIQUID_E0,173,158.9166667,14.08333333,
11/25/2025,LIQUID_E0,168.3333333,173,-4.666666667,
11/26/2025,LIQUID_E0,146.3333333,168.3333333,-22,
11/27/2025,LIQUID_E0,154,146.3333333,7.666666667,
11/28/2025,LIQUID_E0,185.1666667,154,31.16666667,
11/29/2025,LIQUID_E0,194.1666667,185.1666667,9,
11/30/2025,LIQUID_E0,169.75,194.1666667,-24.41666667,
12/1/2025,LIQUID_E0,225.9166667,169.75,56.16666667,
12/2/2025,LIQUID_E0,224.6666667,225.9166667,-1.25,
12/3/2025,LIQUID_E0,291.4166667,224.6666667,66.75,
12/4/2025,LIQUID_E0,241.9166667,291.4166667,-49.5,
12/5/2025,LIQUID_E0,360.1666667,241.9166667,118.25,
12/6/2025,LIQUID_E0,250.1666667,360.1666667,-110,
12/7/2025,LIQUID_E0,454.6666667,250.1666667,204.5,
12/8/2025,LIQUID_E0,271,454.6666667,-183.6666667,
11/8/2025,M&S_2,116.4166667,,,
11/9/2025,M&S_2,202.0833333,116.4166667,85.66666667,
11/10/2025,M&S_2,70.16666667,202.0833333,-131.9166667,
11/11/2025,M&S_2,120,70.16666667,49.83333333,
11/12/2025,M&S_2,77.66666667,120,-42.33333333,
11/13/2025,M&S_2,59.58333333,77.66666667,-18.08333333,
11/14/2025,M&S_2,115.8333333,59.58333333,56.25,
11/15/2025,M&S_2,92.33333333,115.8333333,-23.5,
11/16/2025,M&S_2,83.16666667,92.33333333,-9.166666667,
11/17/2025,M&S_2,51.33333333,83.16666667,-31.83333333,
11/18/2025,M&S_2,53.83333333,51.33333333,2.5,
11/19/2025,M&S_2,38.75,53.83333333,-15.08333333,
11/20/2025,M&S_2,109.0833333,38.75,70.33333333,
11/21/2025,M&S_2,190.75,109.0833333,81.66666667,
11/22/2025,M&S_2,159.5,190.75,-31.25,
11/23/2025,M&S_2,65.91666667,159.5,-93.58333333,
11/24/2025,M&S_2,124.3333333,65.91666667,58.41666667,
11/25/2025,M&S_2,90.5,124.3333333,-33.83333333,
11/26/2025,M&S_2,53.58333333,90.5,-36.91666667,
11/27/2025,M&S_2,46,53.58333333,-7.583333333,
11/28/2025,M&S_2,72.16666667,46,26.16666667,
11/29/2025,M&S_2,83.41666667,72.16666667,11.25,
11/30/2025,M&S_2,120.9166667,83.41666667,37.5,
12/1/2025,M&S_2,103,120.9166667,-17.91666667,
12/2/2025,M&S_2,72.41666667,103,-30.58333333,
12/3/2025,M&S_2,106.4166667,72.41666667,34,
12/4/2025,M&S_2,126.0833333,106.4166667,19.66666667,
12/5/2025,M&S_2,103.3333333,126.0833333,-22.75,
12/6/2025,M&S_2,438.25,103.3333333,334.9166667,
12/7/2025,M&S_2,574.5833333,438.25,136.3333333,
12/8/2025,M&S_2,246.8333333,574.5833333,-327.75,
11/8/2025,OIL&GHEE_S,195.1666667,,,
11/9/2025,OIL&GHEE_S,264.6666667,195.1666667,69.5,
11/10/2025,OIL&GHEE_S,340.1666667,264.6666667,75.5,
11/11/2025,OIL&GHEE_S,259.5,340.1666667,-80.66666667,
11/12/2025,OIL&GHEE_S,257.9166667,259.5,-1.583333333,
11/13/2025,OIL&GHEE_S,267.8333333,257.9166667,9.916666667,
11/14/2025,OIL&GHEE_S,249.5833333,267.8333333,-18.25,
11/15/2025,OIL&GHEE_S,275.9166667,249.5833333,26.33333333,
11/16/2025,OIL&GHEE_S,235.1666667,275.9166667,-40.75,
11/17/2025,OIL&GHEE_S,422.8333333,235.1666667,187.6666667,
11/18/2025,OIL&GHEE_S,277.6666667,422.8333333,-145.1666667,
11/19/2025,OIL&GHEE_S,282.25,277.6666667,4.583333333,
11/20/2025,OIL&GHEE_S,387.0833333,282.25,104.8333333,
11/21/2025,OIL&GHEE_S,403.1666667,387.0833333,16.08333333,
11/22/2025,OIL&GHEE_S,307.3333333,403.1666667,-95.83333333,
11/23/2025,OIL&GHEE_S,360.9166667,307.3333333,53.58333333,
11/24/2025,OIL&GHEE_S,450.5833333,360.9166667,89.66666667,
11/25/2025,OIL&GHEE_S,370.5,450.5833333,-80.08333333,
11/26/2025,OIL&GHEE_S,342.1666667,370.5,-28.33333333,
11/27/2025,OIL&GHEE_S,323.75,342.1666667,-18.41666667,
11/28/2025,OIL&GHEE_S,324.5833333,323.75,0.833333333,
11/29/2025,OIL&GHEE_S,499.4166667,324.5833333,174.8333333,
11/30/2025,OIL&GHEE_S,427.5,499.4166667,-71.91666667,
12/1/2025,OIL&GHEE_S,499.0833333,427.5,71.58333333,
12/2/2025,OIL&GHEE_S,454.5,499.0833333,-44.58333333,
12/3/2025,OIL&GHEE_S,365.5,454.5,-89,
12/4/2025,OIL&GHEE_S,565.8333333,365.5,200.3333333,
12/5/2025,OIL&GHEE_S,472,565.8333333,-93.83333333,
12/6/2025,OIL&GHEE_S,287.9166667,472,-184.0833333,
12/7/2025,OIL&GHEE_S,439.75,287.9166667,151.8333333,
12/8/2025,OIL&GHEE_S,367.0833333,439.75,-72.66666667,
11/8/2025,REB_FD_G0,91.41666667,,,
11/9/2025,REB_FD_G0,110.8333333,91.41666667,19.41666667,
11/10/2025,REB_FD_G0,79.91666667,110.8333333,-30.91666667,
11/11/2025,REB_FD_G0,87.25,79.91666667,7.333333333,
11/12/2025,REB_FD_G0,90,87.25,2.75,
,,,,,
,,,,,
8. Final bottleneck ranking,,,,,
zone,total_work_minutes,avg_work_minutes,total_qty,order_count,workload_rank
combo_9,118278.1667,75.5771033,497966,1565,1
combo_11,77499,49.33099936,239718,1571,2
combo_6,68887.58333,43.84951199,214549,1571,3
FMCG_FOOD2,68323.16667,43.8812888,262358,1557,4
combo_8,59161.08333,37.65823255,175123,1571,5
SPICES&DAL,49457.91667,31.72412871,180827,1559,6
FMCG_FOOD1,49368.41667,31.68704536,180683,1558,7
BISC_BAK,42547.08333,27.32632199,181627,1557,8
combo_5,40729.91667,26.17603899,184241,1556,9
STAPLES,37743.91667,24.44554188,180581,1544,10
CHOCOLATES,35413.25,22.92119741,187515,1545,11
FRAGILE_FD,31328,20.26390686,103392,1546,12
CICO_G2,29738.33333,21.03135314,293326,1414,13
CD_CICO,29139.83333,19.86355374,246268,1467,14
H_STAPLES,28866.91667,18.90433312,173693,1527,15
combo_2,23287.83333,12.66331339,123238,1839,16
CICO_FD,18114.91667,11.83208143,70403,1531,17
combo_4,15635.25,10.08075435,32721,1551,18
DP+DB,13452,9.052489906,59940,1486,19
REB_G1_FD,11976.83333,8.277009906,27550,1447,20
DIAPERS,11467.91667,7.665719697,40343,1496,21
OIL&GHEE_S,10977.33333,7.269757174,43804,1510,22
combo_3,9884.333333,6.545916115,43174,1510,23
ATTA,9146.5,6.281936813,48906,1456,24
DL+CL,8980,6.180316586,34944,1453,25
CICO_D2,8672.833333,6.516028049,55456,1331,26
combo_7,7105.833333,5.23257241,18364,1358,27
CICO_OIL,7061.583333,5.649266667,59677,1250,28
LIQUID_E0,6787.5,4.998159057,27318,1358,29
HVAL_APPG1,6639,6.93006263,16404,958,30
HNK_LARGE,6102,4.196698762,22872,1454,31
M&S_2,3968.25,2.943805638,13611,1348,32
combo_1,3008.666667,2.775522755,23564,1084,33
combo_10,2145.75,2.524411765,5727,850,34
REB_FD_G0,1643.916667,1.927217663,4637,853,35
HVAL_APP_2,610.1666667,1.089583333,1394,560,36
SAMPLE,264.25,0.793543544,1059,333,37
GOLD,88.83333333,1.124472574,322,79,38
